{"levelName":"fdfg","roomMaterialName":"RoomMat1","finishPosition":{"x":1.862645149230957e-9,"y":0.0,"z":1.7462298274040223e-10,"w":1.0},"objectMeshName":"Triangles_2_1","objectFacesColor":[{"r":0.20000000298023225,"g":0.20000000298023225,"b":0.20000000298023225,"a":1.0},{"r":0.30000001192092898,"g":0.30000001192092898,"b":0.30000001192092898,"a":1.0}]}