{"levelName":"s","roomMaterialName":"RoomMat1","finishPosition":{"x":0.31767991185188296,"y":0.08525398373603821,"z":0.5872633457183838,"w":0.7395492196083069},"objectMeshName":"Triangles_2_1","objectFacesColor":[{"r":0.20000000298023225,"g":0.20000000298023225,"b":0.20000000298023225,"a":1.0},{"r":0.30000001192092898,"g":0.30000001192092898,"b":0.30000001192092898,"a":1.0}]}