{"levelName":"sss","roomMaterialName":"RoomMat7","finishPosition":{"x":-0.0929463803768158,"y":0.4469347894191742,"z":0.21655769646167756,"w":-0.8629675507545471},"objectMeshName":"Triangles_2_2","objectFacesColor":[{"r":0.0,"g":1.0,"b":0.0,"a":1.0},{"r":0.0,"g":0.4000000059604645,"b":0.0,"a":1.0}]}