{"levelName":"Level 4","roomMaterialName":"RoomMat1","finishPosition":{"x":0.013116644695401192,"y":-0.3004196286201477,"z":0.041600681841373447,"w":-0.9528092741966248},"objectMeshName":"Cube_2_1","objectFacesColor":[{"r":1.0,"g":0.0,"b":0.0,"a":1.0},{"r":0.0,"g":1.0,"b":0.0,"a":1.0},{"r":0.0,"g":1.0,"b":0.0,"a":1.0},{"r":0.0,"g":0.0,"b":1.0,"a":1.0}]}