{"levelName":"Level 5","roomMaterialName":"RoomMat1","finishPosition":{"x":0.25268399715423586,"y":-0.05601869523525238,"z":0.943029522895813,"w":-0.20906461775302888},"objectMeshName":"Cube_2_2","objectFacesColor":[{"r":1.0,"g":0.0,"b":0.0,"a":1.0},{"r":0.0,"g":1.0,"b":0.0,"a":1.0},{"r":0.0,"g":1.0,"b":0.0,"a":1.0},{"r":0.0,"g":0.0,"b":1.0,"a":1.0}]}