{"levelName":"Level 6","roomMaterialName":"RoomMat1","finishPosition":{"x":0.8794223666191101,"y":0.4577983021736145,"z":-0.06027032807469368,"w":0.1157781332731247},"objectMeshName":"Cube_2_2","objectFacesColor":[{"r":0.20000000298023225,"g":0.0,"b":0.20000000298023225,"a":1.0},{"r":1.0,"g":0.0,"b":0.0,"a":1.0},{"r":0.0,"g":1.0,"b":0.0,"a":1.0},{"r":0.20000000298023225,"g":0.0,"b":0.20000000298023225,"a":1.0}]}