{"levelName":"Level 1","roomMaterialName":"RoomMat1","finishPosition":{"x":-0.48636722564697268,"y":-0.6607126593589783,"z":-0.01328819990158081,"w":0.5716022253036499},"objectMeshName":"Triangles_2_1","objectFacesColor":[{"r":1.0,"g":0.0,"b":0.0,"a":1.0},{"r":0.0,"g":1.0,"b":0.0,"a":1.0}]}