{"levelName":"Level 2","roomMaterialName":"RoomMat1","finishPosition":{"x":-0.4513987898826599,"y":-0.5104334354400635,"z":0.08139558881521225,"w":0.7273730635643005},"objectMeshName":"Triangles_2_2","objectFacesColor":[{"r":1.0,"g":0.0,"b":0.0,"a":1.0},{"r":0.0,"g":0.0,"b":1.0,"a":1.0}]}