{"levelName":"Level 3","roomMaterialName":"RoomMat1","finishPosition":{"x":-0.4727261960506439,"y":-0.8413649201393127,"z":-0.24499717354774476,"w":0.09279800951480866},"objectMeshName":"Triangles_2_2","objectFacesColor":[{"r":0.0,"g":0.0,"b":1.0,"a":1.0},{"r":0.0,"g":1.0,"b":0.0,"a":1.0}]}